{
  "hash": "606c1cf5",
  "configHash": "de0eb6c2",
  "lockfileHash": "416fd333",
  "browserHash": "1205bef2",
  "optimized": {
    "@angular/common": {
      "src": "../../../../../node_modules/@angular/common/fesm2022/common.mjs",
      "file": "@angular_common.js",
      "fileHash": "2c4776b5",
      "needsInterop": false
    },
    "@angular/common/http": {
      "src": "../../../../../node_modules/@angular/common/fesm2022/http.mjs",
      "file": "@angular_common_http.js",
      "fileHash": "abb8fc5d",
      "needsInterop": false
    },
    "@angular/core": {
      "src": "../../../../../node_modules/@angular/core/fesm2022/core.mjs",
      "file": "@angular_core.js",
      "fileHash": "62a8f6cf",
      "needsInterop": false
    },
    "@angular/forms": {
      "src": "../../../../../node_modules/@angular/forms/fesm2022/forms.mjs",
      "file": "@angular_forms.js",
      "fileHash": "7feab3d0",
      "needsInterop": false
    },
    "@angular/platform-browser": {
      "src": "../../../../../node_modules/@angular/platform-browser/fesm2022/platform-browser.mjs",
      "file": "@angular_platform-browser.js",
      "fileHash": "61fd55ab",
      "needsInterop": false
    },
    "@angular/platform-server": {
      "src": "../../../../../node_modules/@angular/platform-server/fesm2022/platform-server.mjs",
      "file": "@angular_platform-server.js",
      "fileHash": "f5694b7f",
      "needsInterop": false
    },
    "@angular/router": {
      "src": "../../../../../node_modules/@angular/router/fesm2022/router.mjs",
      "file": "@angular_router.js",
      "fileHash": "c9fb6699",
      "needsInterop": false
    },
    "rxjs": {
      "src": "../../../../../node_modules/rxjs/dist/cjs/index.js",
      "file": "rxjs.js",
      "fileHash": "6af44e8a",
      "needsInterop": true
    },
    "rxjs/operators": {
      "src": "../../../../../node_modules/rxjs/dist/cjs/operators/index.js",
      "file": "rxjs_operators.js",
      "fileHash": "b73cb1c3",
      "needsInterop": true
    }
  },
  "chunks": {
    "xhr2-AQ42KH57": {
      "file": "xhr2-AQ42KH57.js"
    },
    "chunk-B3KQS2AZ": {
      "file": "chunk-B3KQS2AZ.js"
    },
    "chunk-WFQGNI74": {
      "file": "chunk-WFQGNI74.js"
    },
    "chunk-IE7V3LGR": {
      "file": "chunk-IE7V3LGR.js"
    },
    "chunk-QESUBVGS": {
      "file": "chunk-QESUBVGS.js"
    },
    "chunk-IXWXOSOL": {
      "file": "chunk-IXWXOSOL.js"
    },
    "chunk-IJKRIHJI": {
      "file": "chunk-IJKRIHJI.js"
    },
    "chunk-4SNWTT7U": {
      "file": "chunk-4SNWTT7U.js"
    },
    "chunk-NQ4HTGF6": {
      "file": "chunk-NQ4HTGF6.js"
    }
  }
}