dept_id,dept_name,dept_fullname,division,factory,
1,PAE,NULL,ENG,QV,1
2,PAE,NULL,ENG,TS,2
3,PAE,NULL,ENG,TL,3
4,PE1,NULL,ENG,QV,4
5,PE1,NULL,ENG,TS,5
6,PE1,NULL,ENG,TL,6
7,DMT,NULL,DIV1,QV,7
8,DMT,NULL,DIV1,TS,8
9,DMT,NULL,DIV1,TL,9
10,PLAN,NULL,PLANING,QV,10
11,PLAN,NULL,PLANING,TS,11
12,PLAN,NULL,PLANING,TL,12
13,MO,NULL,DIV1,QV,13
14,MO,NULL,DIV1,TS,14
15,MO,NULL,DIV1,TL,15
16,MQA,NULL,QA,QV,16
17,MQA,NULL,QA,TS,17
18,MQA,NULL,QA,TL,18
19,PQA,NULL,QA,QV,19
20,PQA,NULL,QA,TS,20
21,PQA,NULL,QA,TL,21
22,ACC,NULL,PLANING,QV,22
23,ACC,NULL,PLANING,TS,23
24,ACC,NULL,PLANING,TL,24
25,PUC,NULL,PUR,QV,25
26,PUC,NULL,PUR,TS,26
27,PUC,NULL,PUR,TL,27
28,PUS,NULL,PUR,QV,28
29,PUS,NULL,PUR,TS,29
30,PUS,NULL,PUR,TL,30
31,CRG,NULL,CRG,QV,31
32,CAM,NULL,PLANING,QV,32
33,MSD,NULL,DIV1,QV,33
34,MSD,NULL,DIV1,TS,34
35,MSD,NULL,DIV1,TL,35
36,PDC1,NULL,PDC,QV,36
37,PDC1,NULL,PDC,TS,37
38,PDC1,NULL,PDC,TL,38
39,TIM,NULL,ENG,QV,39
40,TIM,NULL,ENG,TS,40
41,TIM,NULL,ENG,TL,41
42,JP-PAE,NULL,ENG,JP,42
43,JP-PE1,NULL,ENG,JP,43
44,PUR,NULL,PUR,QV,44
