user_id,user_name,user_code,buyer_code,grade_id,email,is_admin,is_verified,is_active,is_delete,lock_reason,last_online,create_date,tpi_role_id,mr_role_id,po_role_id,die_role_id,dtf_role_id,dsum_role_id,dispose_role_id,dcf_role_id
1,Nguyen Van Quy,Admin,',4,quy.nguyen324@mail.canon,1,0,1,0,NULL,6/27/2024 15:13,1/1/2021,1,1,1,3,3,3,1,1
2,Do Van Hung,403381,',6,lbp-pae1@canon-vn.com.vn,0,0,1,0,NULL,7/3/2024 17:34,1/1/2021,4,3,3,2,4,4,1,1
3,La Thi Dung,426856,',6,lbp-pae5@canon-vn.com.vn,0,0,1,0,NULL,6/14/2024 14:30,1/1/2021,4,3,3,3,4,4,3,1
4,Tran Quang Lam,106783,',5,mots-eng5@canon-vn.com.vn,0,0,0,0,NULL,1/1/2023 0:00,1/1/2021,4,3,3,2,4,3,1,1
5,Nguyen Trong Vinh,437875,',5,lbp-pae13@canon-vn.com.vn,0,0,0,0,NULL,1/1/2023 0:00,1/1/2021,4,3,3,2,4,3,1,1
6,Hoang Van Thanh,438534,',4,lbp-pae18@canon-vn.com.vn,0,0,1,0,NULL,7/4/2024 11:40,1/1/2021,4,3,3,3,4,3,1,1
7,Nguyen Van Quy,443975,'000,5,quy.nguyen324@mail.canon,1,0,1,0,NULL,7/4/2024 11:53,1/1/2021,4,3,2,3,4,3,3,1
8,Nguyen Van Tung,446045,',4,lbp-pae24@canon-vn.com.vn,0,0,0,0,NULL,1/1/2023 0:00,1/1/2021,3,3,3,2,3,3,1,1
10,Nguyen Van Hung,462276,',3,lbp-pae33@canon-vn.com.vn,0,0,0,0,NULL,1/1/2023 0:00,1/1/2021,3,3,3,2,3,3,1,1
11,Nguyen Khac Phong,463438,',3,lbp-pae32@canon-vn.com.vn,0,0,1,0,NULL,5/18/2024 9:09,1/1/2021,2,2,2,2,2,3,1,1
12,Hoang Van Giang,463439,',3,lbp-pae29@canon-vn.com.vn,0,0,0,0,NULL,1/1/2023 0:00,1/1/2021,3,3,3,2,3,3,1,1
13,Luong Tien Dat,464166,',4,lbp-pae35@canon-vn.com.vn,0,0,1,0,NULL,7/4/2024 9:00,1/1/2021,4,3,3,2,4,3,1,1
15,Nguyen Van Hai,465373,',3,lbp-pae38@canon-vn.com.vn,0,0,0,0,NULL,1/1/2023 0:00,1/1/2021,3,3,3,2,3,3,1,1
16,Cao Van Nam,467189,',3,lbp-pae34@canon-vn.com.vn,0,0,0,0,NULL,1/1/2023 0:00,1/1/2021,3,3,3,2,3,3,1,1
17,Yukihiro Saito,90384,',8,saito.yukihiro@canon-vn.com.vn,0,0,0,0,NULL,4/23/2024 17:02,1/1/2021,2,2,2,2,2,3,2,1
18,Takahashi Hiroki,90421,',7,takahashi.hiroki141@mail.canon,0,0,1,0,NULL,5/30/2024 9:12,1/1/2021,4,2,2,2,2,4,2,1
21,Mr.Ohira,90383,',9,ohira.tetsuji@canon-vn.com.vn,0,0,1,0,NULL,1/1/2023 0:00,1/1/2021,3,3,3,2,1,1,1,1
22,Nguyen Thi Soan,404552,',4,soan.nguyen@mail.canon,0,0,1,0,NULL,6/24/2024 11:22,2/22/2021,3,3,3,2,1,1,1,1
23,Dang Thi Minh,436816,',3,minh.dang@mail.canon,0,0,1,0,NULL,6/27/2024 8:41,1/1/2021,3,3,3,2,1,1,1,1
24,Nguyen Thi Xuyen,437462,',3,xuyen.nguyen056@mail.canon,0,0,1,0,NULL,7/3/2024 13:42,2/22/2021,3,3,3,2,1,1,1,1
25,Nguyen Van Quy,PAECheck,',3,quy.nguyen324@mail.canon,0,0,0,0,NULL,1/1/2023 0:00,1/1/2021,3,3,3,2,3,3,1,1
26,PAE App,PAEApp,',6,quy.nguyen324@mail.canon,0,0,0,0,NULL,1/1/2023 0:00,1/1/2021,3,4,3,2,3,3,1,1
27,PLAN Check,PLANCheck,',3,quy.nguyen324@mail.canon,0,0,1,0,NULL,4/20/2024 10:48,1/1/2021,3,3,3,2,1,1,1,1
28,PLAN App,PLANApp,',3,quy.nguyen324@mail.canon,0,0,1,0,NULL,1/1/2023 0:00,1/1/2021,3,4,3,2,1,1,1,1
29,PUR Check,PURCheck,'111111,3,quy.nguyen324@mail.canon,0,0,1,0,NULL,4/22/2024 17:01,1/1/2021,3,3,3,3,3,3,3,1
30,PUR App,PURApp,'111111,7,quy.nguyen324@mail.canon,0,0,1,0,NULL,11/2/2023 18:13,1/1/2021,4,4,4,3,4,3,1,1
1025,STD,STD,',3,quy.nguyen324@mail.canon,0,0,1,0,NULL,1/1/2023 0:00,1/1/2021,3,3,3,2,1,1,1,1
2026,Le Thi Duyen,leduyen,',7,pe2-ele03@canon-vn.com.vn,0,0,1,0,NULL,1/1/2023 0:00,1/1/2021,3,3,3,3,3,3,1,1
2027,PE1Check,PE1Check,',6,quy.nguyen324@mail.canon,0,0,1,0,NULL,3/11/2024 16:33,5/7/2021,4,3,3,3,1,4,1,1
2029,Nguyen Thi Hang,473310,',3,hang.nguyen907@mail.canon,0,0,1,0,NULL,5/10/2024 10:51,1/1/2021,3,3,3,2,1,1,1,1
2030,Nguyen Thi Hanh,406709,',3,ps-meca7@canon-vn.com.vn,0,0,1,0,NULL,1/1/2023 0:00,7/24/2021,3,3,3,3,3,3,1,1
2031,Luong Thi Thu Hang,463504,'045E96,3,ps-elec65@canon-vn.com.vn,0,0,1,0,NULL,1/1/2023 0:00,7/24/2021,3,3,3,3,3,3,1,1
2032,Nguyen Khac Luong,458424,',3,qmqa-qa46@canon-vn.com.vn,0,0,1,0,NULL,6/28/2023 12:35,7/24/2021,3,3,3,3,1,1,1,1
2033,Nguyen Thi Trang,3056,',3,qmqa-inc1@canon-vn.com.vn,0,0,1,0,NULL,3/25/2024 13:15,7/24/2021,3,3,3,3,1,1,1,1
2034,Le Thuy Linh,436804,045M56,3,linh.le998@mail.canon,0,0,1,0,NULL,7/4/2024 8:34,7/26/2021,3,3,3,3,3,3,1,1
2035,Tran Thi Nhung,441833,'045M62,3,ps-meca57@canon-vn.com.vn,0,0,1,0,NULL,5/15/2024 10:32,7/26/2021,3,3,3,3,3,3,1,1
2036,Nguyen Thi Ha,436495,'045M70,3,ps-meca81@canon-vn.com.vn,0,0,1,0,NULL,1/1/2023 0:00,7/26/2021,3,3,3,3,3,3,1,1
2037,Hoang Thi Phuong,459127,'045E68,3,ps-elec54@canon-vn.com.vn,0,0,1,0,NULL,1/1/2023 0:00,7/26/2021,3,3,3,3,3,3,1,1
2038,VU THI HUE,423982,'045T52,3,hue.vu066@mail.canon,0,0,1,0,NULL,7/4/2024 9:11,7/26/2021,3,3,3,3,3,3,1,1
2039,Nguyen Quynh Tho,436569,'045E63,3,tho.nguyen@mail.canon,0,0,1,0,NULL,7/4/2024 11:09,1/1/2021,3,3,3,3,3,3,1,1
2040,Nguyen Thi Phuong,446478,'045M61,3,ps-meca56@canon-vn.com.vn,0,0,1,0,NULL,6/25/2024 14:46,7/26/2021,3,3,3,3,3,3,1,1
2041,Pham Thi Hue,458082,'045E40,3,ps-meca68@canon-vn.com.vn,0,0,1,0,NULL,9/13/2023 8:26,7/26/2021,3,3,3,3,3,3,1,1
2042,Dinh Diem Huong,464788,'045M49,3,ps-meca79@canon-vn.com.vn,0,0,1,0,NULL,1/1/2023 0:00,7/26/2021,3,3,3,3,3,3,1,1
2043,Ngo Thi Tham,459134,'045M77,3,ps-meca72@canon-vn.com.vn,0,0,1,0,NULL,7/4/2024 10:03,7/26/2021,3,3,3,3,3,3,1,1
2044,Nguyen Thu Huong,469787,'045E39,3,huong.nguyen072@mail.canon,0,0,1,0,NULL,7/4/2024 8:34,7/26/2021,3,3,3,3,3,3,3,1
2045,Nguyen Van Quang,400337,',8,quang.nguyen150@mail.canon,0,0,1,0,NULL,5/9/2024 8:07,1/1/2021,3,4,3,2,1,1,1,1
2046,Bien Thi Hai Van,412922,'045M58,3,ps-meca53@canon-vn.com.vn,0,0,1,0,NULL,7/4/2024 8:29,1/1/2021,3,3,3,3,3,3,1,1
2047,Nguyen Thi Chung,407328,'045E57,3,chung.nguyen056@mail.canon,0,0,1,0,NULL,7/3/2024 8:25,7/26/2021,3,3,3,3,3,3,1,1
2048,Van Hong Sam,449018,'045M55,3,sam.van@mail.canon,0,0,1,0,NULL,7/3/2024 18:21,7/26/2021,3,3,3,3,3,3,1,1
2049,Nguyen Tuyet Chinh,447380,'045M63,3,chinh.nguyen099@mail.canon,0,0,1,0,NULL,7/1/2024 8:55,7/26/2021,3,3,3,3,3,3,1,1
2050,Tran Thi Thoa,446477,',3,ps-elec40@canon-vn.com.vn,0,0,1,0,NULL,1/1/2023 0:00,7/26/2021,3,3,3,3,3,3,1,1
2051,Nguyen Ha Trang,464534,',3,ps-elec69@canon-vn.com.vn,0,0,1,0,NULL,1/1/2023 0:00,7/26/2021,3,3,3,3,3,3,1,1
2052,Pham Minh Hoai,451008,',3,ps-elec48@canon-vn.com.vn,0,0,1,0,NULL,1/1/2023 0:00,7/26/2021,3,3,3,3,3,3,1,1
2053,Hoang Thi Oanh,450483,',3,ps-elec47@canon-vn.com.vn,0,0,1,0,NULL,4/19/2024 16:35,7/26/2021,3,3,3,3,3,3,1,1
2054,Nguyen Thi Linh,403397,'045E58,3,ps-elec8@canon-vn.com.vn,0,0,1,0,NULL,5/10/2024 16:32,7/26/2021,3,3,3,3,3,3,1,1
2055,Thuan dep trai,451010,',3,lbp-pl2@cg.canon-vn.com.vn,0,0,1,0,NULL,1/1/2023 0:00,1/1/2021,3,3,3,2,1,1,1,1
2056,Nguyen Thi Ngoc,444653,'045M59,3,ps-meca54@canon-vn.com.vn,0,0,1,0,NULL,7/4/2024 10:26,7/27/2021,3,3,3,3,3,3,1,1
2057,Nguyen Thi Thuong,448374,'045T79,3,ps-sysq31@canon-vn.com.vn,0,0,1,0,NULL,8/25/2023 11:32,7/28/2021,3,3,3,3,3,3,1,1
2058,Dinh Thi Ninh,459798,'045M86,3,ps-meca73@canon-vn.com.vn ,0,0,1,0,NULL,1/1/2023 0:00,7/28/2021,3,3,3,3,3,3,1,1
2059,Luc Thi Tam,463408,'045E37,3,ps-meca85@canon-vn.com.vn,0,0,1,0,NULL,1/1/2023 0:00,7/28/2021,3,3,3,3,3,3,1,1
3057,Bui Thi Huong Giang,3455,'045M50,7,giang.bui@mail.canon,0,0,1,0,NULL,7/4/2024 11:53,1/1/2021,3,4,4,3,4,3,3,1
3058,PUCCheck,PUCCheck,',3,quy.nguyen324@mail.canon,0,0,1,0,NULL,6/6/2024 15:30,1/1/2021,3,3,3,2,3,1,3,1
3059,PUSCheck,PUSCheck,',3,quy.nguyen324@mail.canon,0,0,1,0,NULL,6/25/2024 16:32,7/30/2021,3,3,3,3,1,1,1,1
3060,Nguyen Van Quy,PUSApp,',3,quy.nguyen324@mail.canon,0,0,1,0,NULL,1/1/2023 0:00,1/1/2021,4,4,4,3,1,1,1,1
3061,PURGM,PURGM,'0001,9,quy.nguyen324@mail.canon,0,0,1,0,NULL,1/1/2023 0:00,1/1/2021,4,4,4,3,3,3,1,1
3062,Nguyen Ngoc Dang,436368,',5,dang.nguyen500@mail.canon,0,0,1,0,NULL,3/5/2024 11:10,8/2/2021,3,3,3,3,1,1,1,1
3063,Dang Thi Thuy,V401378,',3,qmqa-inc12@canon-vn.com.vn,0,0,1,0,NULL,6/22/2023 11:17,8/2/2021,3,3,3,3,1,1,1,1
3064,Nguyen Van Huan,452496,',3,qmqa-qa41@canon-vn.com.vn,0,0,1,0,NULL,1/1/2023 0:00,8/2/2021,3,3,3,3,1,1,1,1
3065,Tran The Viet,454458,',3,qmqa-qa43@canon-vn.com.vn,0,0,1,0,NULL,1/1/2023 0:00,8/2/2021,3,3,3,3,1,1,1,1
3066,Nguyen Thi Binh,400085,',3,qmqa-qa9@canon.com-vn.com.vn,0,0,1,0,NULL,1/1/2023 0:00,1/1/2021,3,3,3,3,1,1,1,1
3067,Nguyen Thi Tham,400150,',3,qmqa-inc4@canon-vn.com.vn,0,0,1,0,NULL,6/21/2024 15:26,1/1/2021,3,3,3,3,1,1,1,1
3068,Pham Thi Thuan,401944,',3,qmqa-inc@canon-vn.com.vn,0,0,1,0,NULL,4/5/2024 9:23,8/2/2021,3,3,3,3,1,1,1,1
3070,PUCApp,PUCApp,',3,quy.nguyen324@mail.canon,0,0,1,0,NULL,10/20/2023 8:49,8/2/2021,4,4,4,2,3,1,1,1
3071,Nguyen Thi Hao,436462,'0,3,lbp-crg59@canon-vn.com.vn,0,0,1,0,NULL,1/1/2023 0:00,8/4/2021,3,3,3,3,3,3,1,1
3072,Dinh Thi Thao,447811,'045E69,3,thao.dinh@mail.canon,0,0,1,0,NULL,7/3/2024 11:11,1/1/2021,3,3,3,3,3,3,1,1
3074,Ngo Thi Luyen,469251,',3,ps-sysq58@canon-vn.com.vn,0,0,1,0,NULL,1/1/2023 0:00,1/1/2021,3,3,4,2,3,1,1,1
3075,Tran Thi Hanh Hoa,441752,',3,hoa.tran561@mail.canon,0,0,1,0,NULL,7/4/2024 10:56,1/1/2021,3,3,4,2,3,1,1,1
3076,Dang Thi Viet Chinh,465361,',3,ps-sysq56@canon-vn.com.vn,0,0,1,0,NULL,6/28/2024 11:01,1/1/2021,3,3,3,2,3,1,1,1
3077,Nguyen Thi Thom,431677,',3,ps-sysq59@canon-vn.com.vn,0,0,1,0,NULL,1/1/2023 0:00,1/1/2021,3,3,4,2,3,1,1,1
3078,Vu Thi Huong,460018,',3,ps-sysq50@canon-vn.com.vn,0,0,1,0,NULL,1/1/2023 0:00,1/1/2021,3,3,3,3,1,1,1,1
3079,Nguyen Thi Ngoc,425817,',5,ps-sysq05@canon-vn.com.vn,0,0,1,0,NULL,7/2/2024 8:23,1/1/2021,3,3,4,3,1,1,1,1
3080,Nguyen Thi Anh,464373,'045E44,3,ps-elec68@canon-vn.com.vn,0,0,1,0,NULL,1/1/2023 0:00,1/1/2021,3,3,3,3,3,3,1,1
3081,Nguyen Thi Thuy Duong,452021,',3,ps-sysq35@canon-vn.com.vn,0,0,1,0,NULL,1/1/2023 0:00,1/1/2021,3,3,4,2,3,1,1,1
3082,Duong Thi Thuy Lieu,429073,',3,ps-sysq41@canon-vn.com.vn,0,0,1,0,NULL,1/1/2023 0:00,1/1/2021,3,3,4,2,3,1,1,1
3083,Nguyen Thi Hang,430977,',3,ps-sysq30@canon-vn.com.vn,0,0,1,0,NULL,1/1/2023 0:00,1/1/2021,3,3,4,2,3,1,1,1
3084,Nguyen Thi Thuy Huong,756,',3,ps-ele@canon-vn.com.vn,0,0,1,0,NULL,1/19/2024 13:44,1/1/2021,3,3,4,2,4,1,1,1
3085,Nguyen Thi Lien,118802,',3,ps-sys37@canon-vn.com.vn,0,0,1,0,NULL,1/1/2023 0:00,1/1/2021,3,3,3,3,1,1,1,1
3086,Pham Thanh Dung,3496,',7,ps-elec2@canon-vn.com.vn,0,0,1,0,NULL,1/1/2023 0:00,1/1/2021,3,3,3,3,1,1,1,1
3087,Ngo Thi Hang,473718,',3,ps-sysq44@canon-vn.com.vn,0,0,1,0,NULL,3/30/2023 11:11,1/1/2021,3,3,3,3,1,1,1,1
3088,Than Thi Huong,438051,',5,huong.than@mail.canon,0,0,1,0,NULL,7/1/2024 11:27,1/1/2021,3,3,3,3,1,1,1,1
3089,Nguyen Thi Thu Hang,465525,',3,ps-sysq57@canon-vn.com.vn,0,0,1,0,NULL,9/18/2023 16:41,1/1/2021,3,3,3,3,1,1,1,1
4085,Phung Thi Lan,451153,',3,ps-sysq38@canon-vn.com.vn,0,0,1,0,NULL,12/19/2023 13:51,1/1/2021,3,3,3,3,1,1,1,1
4086,Nguyen Thi Hue,452697,',3,ps-sysq42@canon-vn.com.vn,0,0,1,0,NULL,1/1/2023 0:00,1/1/2021,3,3,3,3,1,1,1,1
4087,Nguyen Thi Chinh,402719,',3,chinh.nguyen@mail.canon,0,0,1,0,NULL,6/18/2024 14:16,1/1/2021,3,3,3,2,1,1,1,1
4088,Ha Minh Phuc,29015,',5,qpe1-pro2@canon-vn.com.vn,0,0,0,0,NULL,3/1/2023 12:10,1/1/2021,4,3,3,3,1,3,1,1
4089,Le Huu The,418268,',6,qpe1-eng8@canon-vn.com.vn,0,0,1,0,NULL,6/25/2024 13:23,1/1/2021,4,4,3,3,1,4,1,1
4090,Do Xuan Tung,436849,',5,qpe1-eng12@canon-vn.com.vn,0,0,0,0,NULL,7/14/2023 16:26,1/1/2021,4,3,3,3,1,3,1,1
4091,Nguyen Van Le,428164,',5,qpe1-eng29@canon-vn.com.vn,0,0,0,0,NULL,2/21/2023 17:45,1/1/2021,4,3,3,3,1,3,1,1
4092,Dao Thi Thuy Linh,452912,',4,qpe1-eng48@canon-vn.com.vn,0,0,0,0,NULL,5/19/2023 16:56,1/1/2021,4,3,3,3,1,3,1,1
4093,Tran Hoang Anh,459840,',4,qpe1-eng55@canon-vn.com.vn,0,0,0,0,NULL,1/1/2023 0:00,1/1/2021,4,3,3,3,1,3,1,1
5088,Tran Xuan Son,450721,',4,lbp-peel57@canon-vn.com.vn,0,0,0,0,NULL,1/1/2023 0:00,1/1/2021,4,3,3,3,1,3,1,1
5089,Nguyen Duc Trung,468717,',3,qpe1-eng70@canon-vn.com.vn,0,0,0,0,NULL,1/1/2023 0:00,1/1/2021,3,3,3,3,1,3,1,1
5090,Nguyen Thi Hoan,462277,',3,qpe1-eng66@canon-vn.com.vn,0,0,0,0,NULL,1/1/2023 0:00,1/1/2021,3,3,3,3,1,3,1,1
5091,CRGCheck,CRGCheck,',3,quy.nguyen324@mail.canon,0,0,1,0,NULL,4/23/2024 13:34,1/1/2021,3,3,3,2,1,1,3,1
5092,CRGApp,CRGApp,',2,quy.nguyen324@mail.canon,0,0,1,0,NULL,3/4/2024 10:45,1/1/2021,3,4,3,2,1,1,1,1
5093,Nguyen Van Tiep,438077,',4,qpe1-pro7@canon-vn.com.vn,0,0,0,0,NULL,3/6/2023 16:56,1/1/2021,4,3,3,3,1,3,1,1
5094,Nguyen Thi Thanh Thuy,436571,'045E56,3,ps-elec38@canon-vn.com.vn ,0,0,1,0,NULL,1/1/2023 0:00,1/1/2021,3,3,3,3,3,3,1,1
6094,Dang Thi Van,423602,',3,qmqa-qa2@canon-vn.com.vn,0,0,1,0,NULL,1/1/2023 0:00,1/1/2021,3,3,3,3,1,1,1,1
6098,DMT Check,DMTCheck,',3,quy.nguyen324@mail.canon,0,0,1,0,NULL,6/11/2024 15:38,1/1/2021,3,3,3,2,3,3,3,1
6099,DMT App,DMTApp,',3,quy.nguyen324@mail.canon,0,0,0,0,NULL,1/1/2023 0:00,1/1/2021,3,3,3,2,3,3,1,1
6100,PE Check,PECheck,',3,quy.nguyen324@mail.canon,0,0,0,0,NULL,1/1/2023 0:00,1/1/2021,3,3,3,3,1,3,1,1
6101,Tran Van Thanh,446497,',3,lbpmo-qe12@cg.canon-vn.com.vn,0,0,1,0,NULL,1/1/2023 0:00,1/1/2021,3,3,3,2,1,1,1,1
6102,Tran Thi Hoa,408596,',3,lbp-pl16@canon-vn.com.vn,0,0,1,0,NULL,5/28/2024 11:20,1/1/2021,2,3,2,2,1,1,1,1
6103,Nguyen Thuy Ngan,429210,',6,ngan.nguyen000@mail.canon,0,0,1,0,NULL,6/13/2024 13:14,1/1/2021,3,4,2,2,2,1,1,1
6104,Nguyen Thi Chinh ,474810,'045E72,3,ps-elec76@canon-vn.com.vn,0,0,1,0,NULL,1/26/2024 14:07,1/1/2021,3,3,3,3,3,3,1,1
6105,Nguyen Thi Quynh,466308,',4,quynh.nguyen494@mail.canon,0,0,1,0,NULL,6/18/2024 11:17,1/1/2021,3,3,3,2,2,1,1,1
6106,Tran Van Hoach,416362,',5,hoach.tran@mail.canon,0,0,1,0,NULL,7/3/2024 14:51,1/1/2021,3,3,3,2,3,3,1,1
6107,Nguyen Huy Hoang,448376,',5,hoang.nguyen847@mail.canon,0,0,1,0,NULL,7/1/2024 17:06,1/1/2021,3,3,3,2,3,3,1,1
6108,daisuke hoshino,90315,',3,hoshino.daisuke@canon-vn.com.vn,0,0,0,0,NULL,1/1/2023 0:00,1/1/2021,4,3,3,2,3,3,1,1
6109,Luu Van Quy,400976,',7,lbpmo-qc@canon-vn.com.vn,0,0,1,0,NULL,7/3/2024 15:03,12/2/2021,4,2,2,2,4,4,3,1
6110,Vu Hai Nam,442190,',3,qpe1-eng32@canon-vn.com.vn,0,0,0,0,NULL,7/18/2023 11:30,1/1/2021,3,3,3,3,1,3,1,1
6111,Nguyen Viet Hung,426885,',3,qpe1-eng31@canon-vn.com.vn,0,0,0,0,NULL,4/28/2023 8:47,12/2/2021,4,3,3,3,1,3,1,1
6112,Nguyen Huu Bien,442487,',5,bien.nguyen310@mail.canon,0,0,1,0,NULL,6/28/2024 16:06,1/1/2021,4,3,3,3,1,3,1,1
6113,Nguyen Huy Binh,447377,',4,binh.nguyen166@mail.canon,0,0,1,0,NULL,6/29/2024 21:59,1/1/2021,3,3,3,2,3,3,1,1
6114,Nguyen Van Toan,436847,',3,toan.nguyen@mail.canon,0,0,1,0,NULL,6/11/2024 20:27,1/1/2021,3,3,3,2,3,3,1,1
6115,Tran Van Sang,414598,',3,sang.tran149@mail.canon,0,0,1,0,NULL,6/5/2024 20:18,1/1/2021,3,3,3,2,3,3,1,1
6116,Duong Van Hung,441559,',3,lbp-dmt35@cg.canon-vn.com.vn,0,0,1,0,NULL,1/1/2023 0:00,1/1/2021,3,3,3,2,3,3,1,1
6117,Tran Ngoc Kien,469437,',3,lbpmo-qe21@local.canon-vn.com.vn,0,0,1,0,NULL,7/4/2024 11:26,1/1/2021,3,3,3,2,1,1,1,1
6118,Le Hung Cuong,3520,',7,qpe1-eng3@canon-vn.com.vn,0,0,1,0,NULL,11/28/2023 12:36,1/1/2021,4,4,3,3,1,4,1,1
6119,Nguyen Huu Chien,464511,',3,qpe1-eng68@canon-vn.com.vn,0,0,0,0,NULL,1/1/2023 0:00,1/1/2021,3,3,3,3,1,3,1,1
6120,Nguyen Anh Van,475561,',3,lbp-pae39@canon-vn.com.vn,0,0,0,0,NULL,3/16/2023 13:25,12/22/2021,3,3,3,3,3,3,1,1
6121,Vu Duy Viet,475562,',3,lbp-pae40@canon-vn.com.vn,0,0,0,0,NULL,1/1/2023 0:00,1/1/2021,3,3,3,2,3,3,1,1
7118,Duong Van Nang,438381,',5,qpe1-eng22@canon-vn.com.vn,0,0,0,0,NULL,8/3/2023 10:38,1/3/2022,4,3,3,3,1,3,1,1
7119,Phung The Tai,467342,',3,lpbmo-qe20@cg.canon-vn.com.vn,0,0,1,0,NULL,1/1/2023 0:00,1/3/2022,3,3,3,2,1,1,1,1
7120,Ngo Tien Thanh,463441,',4,qpe1-eng65@canon-vn.com.vn,0,0,1,0,NULL,6/24/2024 16:26,1/1/2021,4,3,3,3,1,3,3,1
7121,Dinh Duc Tho,459839,',3,qpe1-eng58@canon-vn.com.vn,0,0,0,0,NULL,1/1/2023 0:00,1/1/2021,3,3,3,3,1,3,1,1
7122,Trieu Tien Dung,455577,',4,qpe1-eng37@canon-vn.com.vn,0,0,1,0,NULL,6/27/2024 9:24,1/1/2021,4,2,2,3,1,3,2,1
7123,Yusuke Nakano,90333,',7,nakano.yusuke@canon-vn.com.vn,0,0,0,0,NULL,1/1/2023 0:00,1/3/2022,4,4,3,3,1,3,1,1
7124,Nguyen Thi Ngan,475163,',3,ps-sysq61@canon-vn.com.vn,0,0,1,0,NULL,7/4/2024 11:07,1/1/2021,3,3,3,3,1,1,1,1
7125,Nguyen Thi Minh Phuong,475167,',3,ps-sysq63@canon-vn.com.vn,0,0,1,0,NULL,8/8/2023 13:47,1/1/2021,3,3,3,3,1,1,1,1
7126,Luong Hoang Hiep,436097,',3,lbp-dmt38@local.canon-vn.com.vn,0,0,1,0,NULL,1/1/2023 0:00,1/1/2021,3,3,3,2,3,3,1,1
7127,Nguyen Van Viet,446498,',4,qpe1-eng46@canon-vn.com.vn,0,0,1,0,NULL,7/3/2024 16:38,1/1/2021,4,3,3,3,1,3,1,1
7128,Don Dang Duy,408576,',3,duy.don@mail.canon,0,0,1,0,NULL,6/7/2024 15:02,1/1/2021,3,3,3,2,3,3,1,1
7129,Nguyen Thi Ngoc Anh,475397,'045E54,3,ps-elec72@canon-vn.com.vn,0,0,1,0,NULL,2/8/2023 13:31,1/1/2021,3,3,3,3,3,3,1,1
7130,Vu Thanh Son,441571,',5,qpe1-eng19@canon-vn.com.vn,0,0,1,0,NULL,6/25/2024 11:50,1/1/2021,4,3,3,3,1,3,1,1
7131,Luu Thi My,446481,',4,qpe1-eng25@canon-vn.com.vn,0,0,1,0,NULL,6/29/2024 13:27,1/1/2021,4,3,3,3,1,3,1,1
7132,Nguyen Ba Ngoc,453431,',3,qpe1-mech01@canon-vn.com.vn,0,0,0,0,NULL,1/1/2023 0:00,1/1/2021,3,3,3,3,1,3,1,1
8126,Tomoya Ikeuchi,90447,',6,ikeuchi.tomoya@mail.canon,0,0,1,0,NULL,7/3/2024 16:44,1/1/2021,4,4,4,2,4,4,1,1
8127,Han Tuan Nghia,4274,',5,pe1-mec17@canon-vn.com.vn,0,0,1,0,NULL,4/16/2024 14:23,1/1/2021,4,4,4,2,4,3,1,1
8128,Kensuke Sato,90426,',7,sato.kensuke@canon-vn.com.vn,0,0,1,0,NULL,1/1/2023 0:00,1/1/2021,4,4,4,2,1,1,1,1
8129,Dao Van Suc,425844,',3,qdmt-adm02@canon-vn.com.vn,0,0,1,0,NULL,6/26/2024 15:47,1/1/2021,3,3,3,2,3,3,1,1
8130,Duong Thi Hoai,464524,'045E35,3,ps-meca86@canon-vn.com.vn,0,0,1,0,NULL,1/1/2023 0:00,1/1/2021,3,3,3,3,3,3,1,1
8131,TRAN THI LUONG,449238,'045E36,3,ps-meca76@canon-vn.com.vn,0,0,1,0,NULL,1/1/2023 0:00,1/1/2021,3,3,3,3,3,3,1,1
8132,Loc Thi Diep,441535,',3,crg-qassy11@canon-vn.com.vn,0,0,1,0,NULL,1/1/2023 0:00,1/1/2021,3,3,3,2,1,1,1,1
8133,Nguyen Van Tuyen,464168,',3,lbp-crg84@canon-vn.com.vn,0,0,1,0,NULL,1/1/2023 0:00,1/1/2021,3,3,3,2,1,1,1,1
8134,Nguyen Tien Than,438082,',3,lbp-crg15@canon-vn.com.vn,0,0,1,0,NULL,6/13/2024 12:17,1/1/2021,1,1,1,2,1,1,3,1
8135,Nguyen Van Hoa,475758,',3,lbp-crg92@canon-vn.com.vn,0,0,1,0,NULL,12/11/2023 13:17,1/1/2021,3,3,3,2,1,1,1,1
8136,Bui Thi Huyen,475768,',3,lbp-crg94@canon-vn.com.vn,0,0,1,0,NULL,1/1/2023 0:00,1/1/2021,3,3,3,2,1,1,1,1
8137,Vu Thi Thom,475078,',3,ps-sysq65@canon-vn.com.vn,0,0,1,0,NULL,1/1/2023 0:00,1/1/2021,3,3,3,2,3,1,1,1
8138,Le Quang Thuong,469744,',4,thuong.le@mail.canon,0,0,1,0,NULL,7/3/2024 11:17,1/1/2021,4,3,3,3,1,3,1,1
8139,Hoang Thi Vuong,447011,',3,ps-sysq48@canon-vn.com.vn,0,0,1,0,NULL,3/1/2023 10:52,1/1/2021,3,4,4,2,3,1,1,1
8147,Bui Thi Ly,433778,',6,qpe1-pac6@canon-vn.com.vn,0,0,1,0,NULL,7/3/2024 15:41,1/1/2021,4,3,2,2,2,4,2,1
8149,Lo Thi Muoi,462563,'045E41,3,ps-elec63@canon-vn.com.vn,0,0,1,0,NULL,7/4/2024 9:54,1/1/2021,3,3,3,3,3,3,1,1
8150,Tran Thi Thu Hang,412950,',3,hang.tran337@mail.canon,0,0,1,0,NULL,7/2/2024 14:55,1/1/2021,3,3,3,3,3,3,1,1
8151,Takafumi Hosomi ,108809,',3,hosomi.takafumi@canon-vn.com.vn,0,0,0,0,NULL,1/1/2023 0:00,5/6/2022,1,1,1,2,1,1,1,1
8152,Takafumi Hosomi,90455,',6,hosomi.takafumi@mail.canon,0,0,1,0,NULL,6/13/2024 11:45,1/1/2021,4,4,4,2,1,1,1,1
8153,Hoang Thanh Tung,475558,',3,qpe1-eng74@canon-vn.com.vn,0,0,1,0,NULL,7/3/2024 11:03,1/1/2021,3,3,2,3,2,3,2,1
8154,Le Thi Tham,400526,',5,qpe1-eng7@canon-vn.com.vn,0,0,1,0,NULL,4/3/2024 16:04,5/12/2022,4,3,2,3,2,3,1,1
8155,Nguyen Thi Anh,436141,',5,qpe1-pro3@canon-vn.com.vn,0,0,0,0,NULL,1/1/2023 0:00,1/1/2021,4,3,3,3,1,3,1,1
8156,Nguyen Thi Quyen,401365,',2,qmqa-qa56@canon-vn.com.vn,0,0,1,0,NULL,1/1/2023 0:00,1/1/2021,3,3,3,3,1,1,1,1
8157,Le Van Truong,110357,',5,tspe-mec03@canon-vn.com.vn,0,0,1,0,NULL,6/26/2024 14:50,1/1/2021,4,2,2,2,2,3,2,1
8158,Phan Dang Quang,453921,',4,qpe1-eng36@canon-vn.com.vn,0,0,0,0,NULL,1/1/2023 0:00,1/1/2021,3,3,3,3,1,3,1,1
8159,Nguyen Van Do,824323,',3,tspe-mec23@canon-vn.com.vn,0,0,1,0,NULL,1/1/2023 0:00,1/1/2021,3,3,3,3,1,3,1,1
8160,Pham Khac Phi,839217,',3,tspe-mec43@canon-vn.com.vn,0,0,1,0,NULL,10/13/2023 12:18,1/1/2021,3,3,3,3,1,3,1,1
8161,Nguyen Van Vuong,837334,',4,vuong.nguyen597@mail.canon,0,0,1,0,NULL,7/4/2024 11:20,1/1/2021,4,2,2,2,2,3,2,1
8162,Nguyen Van Long,801321,',7,tspe-mec@canon-vn.com.vn,0,0,1,0,NULL,6/28/2024 11:24,1/1/2021,4,2,2,2,2,4,2,1
8163,Nguyen Van Quyen,801331,',6,tspe-mec02@canon-vn.com.vn,0,0,1,0,NULL,5/22/2024 9:30,1/1/2021,4,2,2,2,2,4,1,1
8164,Hiroaki Motooka,90392,',3,motooka.hiroaki@canon-vn.com.vn,0,0,1,0,NULL,11/24/2023 17:23,1/1/2021,3,3,3,3,1,3,1,1
8165,Ngo Van Son,811542,',3,tspe-mec05@canon-vn.com.vn,0,0,1,0,NULL,1/1/2023 0:00,1/1/2021,3,3,3,3,1,3,1,1
8166,Nguyen Thi Mai Anh,800875,',3,tspe-emg02@canon-vn.com.vn,0,0,1,0,NULL,1/1/2023 0:00,1/1/2021,3,3,3,2,1,1,1,1
8167,Dam Thi Thanh Mai,813141,',3,tsassy-qc15@local.canon-vn.com.vn,0,0,1,0,NULL,1/1/2023 0:00,1/1/2021,3,3,3,2,1,1,1,1
8168,Nguyen Xuan Long,838950,',3,tspe-mec39@canon-vn.com.vn,0,0,1,0,NULL,5/16/2024 14:18,6/17/2022,3,2,2,2,2,3,1,1
8169,Hoang Ngoc Minh,2772,',7,minh.hoang@mail.canon,0,0,1,0,NULL,7/3/2024 13:23,1/1/2021,3,3,3,2,1,3,1,1
8170,Nham Tan Dat,7051,',3,pe1-mec18@canon-vn.com.vn,0,0,1,0,NULL,1/1/2023 0:00,1/1/2021,4,3,3,2,1,3,1,1
8171,Bui Viet Cuong,111280,',4,cuong.bui@mail.canon,0,0,1,0,NULL,7/4/2024 8:08,1/1/2021,3,3,3,2,1,3,1,1
8172,Nguyen Hoang Tung,823095,',4,tung.nguyen894@mail.canon,0,0,1,0,NULL,5/24/2024 15:15,1/1/2021,3,3,3,2,1,3,1,1
8173,Tran Khac Quan,116916,',4,mtp-adm36@canon-vn.com.vn,0,0,1,0,NULL,7/3/2024 17:28,1/1/2021,4,3,3,2,1,3,1,1
8174,Nguyen Thi Hien,473500,',3,lbp-plan5@cg.canon-vn.com.vn,0,0,1,0,NULL,4/11/2024 13:56,1/1/2021,3,3,3,2,1,1,1,1
8175,Trinh Thi Bich,439335,',3,lbp-plan9@local.canon-vn.com.vn,0,0,1,0,NULL,1/1/2023 0:00,1/1/2021,3,3,3,2,1,1,1,1
8176,Nguyen Thi Quynh Trang,461375,',3,qpdc-plan82@canon-vn.com.vn,0,0,1,0,NULL,1/1/2023 0:00,1/1/2021,3,3,3,3,1,1,1,1
8177,Vuong Duc Anh,464165,',3,qmqa-fa17@canon-vn.com.vn,0,0,1,0,NULL,6/12/2024 16:55,1/1/2021,3,3,3,3,1,1,1,1
8178,Bui Thi Huyen,454573,',4,huyen.bui353@mail.canon,0,0,1,0,NULL,5/27/2024 10:57,1/1/2021,3,3,3,2,1,1,3,1
8179,Hoang Thi Yen Anh,447025,'045E47,3,ps-elec83@canon-vn.com.vn,0,0,0,0,NULL,1/1/2023 0:00,7/29/2022,1,1,1,2,3,3,1,1
8180,Nguyen Ngoc Hai,453875,',3,lbp-pqa43@cg.canon-vn.com.vn,0,0,0,0,NULL,1/1/2023 0:00,8/6/2022,1,1,1,2,1,1,1,1
8181,Nguyen Van Diem,475767,',3,qpe1-pro10@canon-vn.com.vn,0,0,1,0,NULL,1/1/2023 0:00,8/9/2022,3,3,3,3,1,3,1,1
8182,Nguyen Hai Dang,839220,',3,tspe-mec44@canon-vn.com.vn,0,0,1,0,NULL,5/28/2024 8:53,8/18/2022,3,2,2,2,2,3,2,1
8183,Ta Van Phong,838957,',3,tspe-mec42@canon-vn.com.vn,0,0,1,0,NULL,7/4/2024 10:37,8/18/2022,3,2,2,2,2,3,2,1
8184,DANG DINH LONG,461374,',3,qpdc-plan80@canon-vn.com.vn,0,0,1,0,NULL,6/16/2023 8:46,8/26/2022,3,3,3,3,1,1,1,1
8185,Nguyen Thi Thanh,475076,'045E65,3,ps-elec75@canon-vn.com.vn,0,0,1,0,NULL,2/29/2024 13:39,9/6/2022,3,3,3,3,3,3,1,1
8186,Nguyen Thi Khuyen,475522,'045E45,3,ps-elec81@canon-vn.com.vn,0,0,1,0,NULL,7/4/2024 11:26,9/9/2022,3,3,3,3,3,3,1,1
8187,Le Quang Huy,441010,',3,qmqa-qa23@canon-vn.com.vn,0,0,1,0,NULL,1/1/2023 0:00,9/9/2022,3,3,3,2,1,1,1,1
8188,Nguyen Thi Xinh,475171,'045E62,3,ps-elec74@canon-vn.com.vn,0,0,1,0,NULL,1/30/2024 15:30,9/13/2022,3,3,3,3,3,3,1,1
8189,Nguyen Ngoc Loi,481738,',3,lbp-pae6@canon-vn.com.vn,0,0,0,0,NULL,3/16/2023 8:21,9/26/2022,3,3,3,3,3,3,1,1
8190,Nguyen Van Thinh,481739,',3,lbp-pae7@canon-vn.com.vn,0,0,0,0,NULL,6/9/2023 15:15,9/27/2022,3,3,3,3,3,3,1,1
8191,Vu Thi Hong Van,400986,',3,qpdc-ser2@canon-vn.com.vn,0,0,1,0,NULL,6/26/2024 17:12,9/29/2022,2,2,2,2,2,2,3,1
8192,Murakami,90389,',3,murakami.atsushi@canon-vn.com.vn,0,0,0,0,NULL,1/1/2023 0:00,10/6/2022,4,3,3,3,1,3,1,1
8194,Jiro Ito ,90373,'0,9,ito.jiro@mail.canon,0,0,1,0,NULL,6/20/2024 13:50,10/19/2022,3,4,4,2,3,3,1,1
8195,Le Thi Trang,421584,',2,trang.le912@mail.canon,0,0,1,0,NULL,7/2/2024 11:58,10/24/2022,3,3,3,3,1,1,1,1
8196,Higashi ,90430,'0,6,higashi.yuki@canon-vn.com.vn,0,0,1,0,NULL,10/12/2023 14:05,10/24/2022,3,3,3,2,3,3,1,1
8197,Nguyen Phuong Linh,479828,'045E38,3,ps-elec3@canon-vn.com.vn,0,0,1,0,NULL,8/21/2023 17:41,10/26/2022,3,3,3,3,3,3,1,1
8198,Ngo Van Ly,479660,',3,ps-sysq71@canon-vn.com.vn,0,0,1,0,NULL,3/21/2023 13:34,10/31/2022,3,3,3,3,1,1,1,1
8199,Nguyen Gia Quoc,481241,',3,qpe1-eng10@canon-vn.com.vn,0,0,1,0,NULL,6/29/2024 8:08,11/1/2022,3,3,3,3,1,3,1,1
8200,Le Viet Truong,475557,',3,lbpmo-qe26@local.canon-vn.com.vn,0,0,1,0,NULL,3/4/2024 11:39,11/11/2022,3,3,3,2,1,1,1,1
8201,Nguyen Thi Trang,479657,',3,ps-sysq70@canon-vn.com.vn,0,0,1,0,NULL,3/24/2023 9:16,11/17/2022,1,2,3,2,3,1,1,1
8202,Truong Ngoc Dat,484048,',3,lbp-crg10@canon-vn.com.vn,0,0,1,0,NULL,3/5/2024 11:40,11/26/2022,1,3,2,2,2,1,1,1
8203,Hoang Thi Chuc,479663,'045E49,3,ps-elec79@canon-vn.com.vn,0,0,1,0,NULL,7/3/2024 16:21,12/12/2022,3,3,3,3,3,3,1,1
8204,Bui Cong Huy,453433,',4,qpe1-mech02@canon-vn.com.vn,0,0,1,0,NULL,7/3/2024 11:07,12/12/2022,4,3,3,3,1,3,1,1
8205,Nguyen Thi Thu Hao,470151,'045E46,3,hao.nguyen431@mail.canon,0,0,1,0,NULL,6/26/2024 8:13,12/13/2022,3,3,3,3,3,3,1,1
8206,Nguyen Thi Mui,484040,',3,ps-sysq73@canon-vn.com.vn,0,0,1,0,NULL,5/2/2024 15:20,12/20/2022,3,3,4,2,3,1,1,1
8207,Naoki Uchiyama,90460,',6,uchiyama.naoki@canon-vn.com.vn,0,0,1,0,NULL,1/1/2023 0:00,12/29/2022,4,4,2,3,1,3,1,1
8208,Seshita Shinichi,90420,',8,seshita.shin-ichi@mail.canon,0,0,1,0,NULL,7/4/2024 9:32,12/29/2022,2,4,2,2,1,1,1,1
8209,Nguyen Thi Luong,400694,',3,qmqa-fa8@canon-vn.com.vn,0,0,1,0,NULL,6/24/2024 14:31,1/7/2023,3,2,2,3,1,1,1,1
8210,Nguyen Thi Hoa ,481399,'045M47,3,ps-meca14@canon-vn.com.vn,0,0,1,0,NULL,6/17/2023 14:50,1/31/2023,1,3,3,3,3,3,1,1
8211,Nguyen Kieu Oanh,481216,'045M44,3,oanh.nguyen600@mail.canon,0,0,1,0,NULL,7/4/2024 11:09,1/31/2023,1,3,3,3,3,3,1,1
8212,NGUYEN MINH THUY,481235,'045M46,3,ps-meca13@canon-vn.com.vn,0,0,1,0,NULL,5/10/2024 14:00,2/6/2023,1,3,3,3,3,3,1,1
8213,Nguyen Thanh Long,477195,',3,qpe1-eng76@canon-vn.com.vn,0,0,1,0,NULL,7/2/2024 18:43,2/6/2023,1,3,3,3,2,3,1,1
8214,Nguyen Tien Dung,477773,',3,qpe1-eng78@canon-vn.com.vn,0,0,1,0,NULL,12/22/2023 14:00,2/23/2023,1,3,2,3,2,3,1,1
8215,Nguyen Thi Quyen,844748,',3,tspe-mec52@canon-vn.com.vn,0,0,1,0,NULL,3/21/2024 9:48,3/7/2023,3,2,2,2,2,3,2,1
8216,Pham Thao Nguyen,481215,'045M43,2,nguyen.pham@mail.canon ,0,0,1,0,NULL,6/20/2024 9:22,3/25/2023,1,3,3,3,3,3,1,1
8217,Takenobu Yanagisawa,90442,',9,yanagisawa.takenobu@mail.canon,0,0,1,0,NULL,3/4/2024 13:56,4/27/2023,1,4,2,2,2,1,1,1
8218,Shuei Hashimoto,90409,',7,hashimoto.shuei@mail.canon,0,0,1,0,NULL,3/4/2024 11:42,5/4/2023,4,2,2,2,2,4,1,1
8219,Luong Thanh Loi,485520,',3,loi.luong@mail.canon,0,0,1,0,NULL,7/4/2024 11:58,5/16/2023,1,3,2,3,3,3,1,1
8220,Tran Thi Thuy,485475,'045M48,3,ps-meca81@canon-vn.com.vn,0,0,1,0,NULL,6/8/2023 10:14,6/7/2023,1,3,3,3,3,3,1,1
8221,Nguyen Thi Mai,485474,'045M52,3,ps-meca64@canon-vn.com.vn,0,0,1,0,NULL,5/23/2024 16:49,6/8/2023,1,3,3,3,3,3,1,1
8222,Trinh Van Bao,475551,',3,qpe1-eng73@canon-vn.com.vn,0,0,1,0,NULL,7/3/2024 13:32,6/14/2023,1,2,2,3,2,3,1,1
8223,Nguyen Thi Phuong,412932,',4,lbp-crg11@canon-vn.com.vn,0,0,1,0,NULL,6/13/2024 13:44,6/14/2023,1,3,2,2,2,1,1,1
8224,Tran Khac Thinh,477200,',3,qpe1-pro11@canon-vn.com.vn,0,0,1,0,NULL,1/1/2023 0:00,6/29/2023,1,2,2,3,2,3,1,1
8225,Pham Van Truong,479912,',3,qpe1-pro4@canon-vn.com.vn,0,0,1,0,NULL,5/29/2024 17:28,6/29/2023,3,3,2,3,2,3,1,1
8226,Nguyen Duc Khanh,479852,',3,qpe1-eng4@canon-vn.com.vn,0,0,1,0,NULL,6/19/2024 14:47,6/29/2023,3,2,2,3,2,3,1,1
8227,Nguyen Thi Khanh Linh,485814,',3,Lbp-pae15@canon-vn.com.vn,0,0,1,0,NULL,11/6/2023 15:15,7/25/2023,3,3,2,3,3,3,1,1
8228,PAE Japan,PAE-JP,',3,quy.nguyen324@mail.canon,0,0,1,0,NULL,7/3/2024 7:44,7/27/2023,2,2,2,2,2,3,1,1
8229,Nguyen thi Huyen,401388,',3,qmqa-qa67@canon-vn.com.vn,0,0,1,0,NULL,11/29/2023 14:50,8/1/2023,2,2,2,2,2,1,1,1
8230,Pham Thi Thanh Huyen,485484,',3,qmqa-qa11@canon-vn.com.vn,0,0,0,0,NULL,1/1/2023 0:00,8/1/2023,2,2,2,2,2,1,1,1
8231,Bui Thi Yen,484708,',3,yen.bui@mail.canon,0,0,1,0,NULL,7/4/2024 10:59,8/1/2023,2,2,4,2,3,1,1,1
8232,Nguyen Thi Thom,461756,'461756,3,thom.nguyen@mail.canon,0,0,1,0,NULL,5/17/2024 14:54,8/1/2023,2,2,4,2,3,1,1,1
8233,Nguyen Van Cong,485501,',3,qpe1-eng15@canon-vn.com.vn,0,0,1,0,NULL,7/4/2024 8:28,8/2/2023,3,3,2,3,2,3,1,1
8234,Vo Ngan Thao,484333,',3,lbp-pae12@canon-vn.com.vn,0,0,1,0,NULL,7/3/2024 13:21,8/9/2023,3,3,2,3,3,3,1,1
8235,Nguyen Van Chuc,475552,',3,qpe1-eng75@canon-vn.com.vn,0,0,1,0,NULL,7/3/2024 16:42,8/10/2023,3,3,2,3,2,3,1,1
8236,RPA,RPA,',3,lbp-pae12@canon-vn.com.vn,0,0,1,0,NULL,10/30/2023 13:36,8/10/2023,3,2,2,2,3,3,1,1
8237,Pham Van Cuong,832472,',3,tsmqa-mec21@canon-vn.com.vn,0,0,1,0,NULL,10/20/2023 14:44,8/17/2023,2,2,2,2,2,1,1,1
8238,NGUYEN HAI DANG ,804667,',3,tsmqa-adm5@canon-vn.com.vn,0,0,1,0,NULL,4/25/2024 10:54,8/17/2023,2,2,2,2,2,1,1,1
8239,Trinh Viet Hoang,485500,',3,lbp-pae10@canon-vn.com.vn,0,0,1,0,NULL,7/4/2024 11:55,8/21/2023,3,3,2,3,3,3,1,1
8240,Trinh Xuan Hung,477191,',3,qpe1-eng77@canon-vn.com.vn,0,0,1,0,NULL,7/2/2024 15:51,8/23/2023,3,2,2,3,2,3,1,1
8241,Nguyen Thi Yen,448546,'045M66,3,yen.nguyen800@mail.canon,0,0,1,0,NULL,5/24/2024 9:30,9/9/2023,3,3,3,3,3,3,1,1
8242,Doan Thi Thu Ha,475072,'045E53,3,ps-elec71@canon-vn.com.vn,0,0,1,0,NULL,2/6/2024 13:57,9/11/2023,3,3,3,3,3,3,1,1
8243,Hoang Huu Hung,479690,',3,qpe1-eng79@canon-vn.com.vn,0,0,1,0,NULL,1/22/2024 9:20,9/11/2023,3,3,2,3,2,3,1,1
8244,Doan Dai Do,485857,',3, lbp-tim01@canon-vn.com.vn,0,0,1,0,NULL,2/6/2024 15:36,9/12/2023,2,2,2,2,2,3,1,1
8245,Nguyen Thi Thuong,479664,'045E48,3,ps-elec80@canon-vn.com.vn,0,0,1,0,NULL,7/4/2024 8:36,9/12/2023,3,3,3,3,3,3,1,1
8246,Bui Duc Chien,485871,',3,chien.bui@mail.canon,0,0,1,0,NULL,7/4/2024 11:54,10/10/2023,3,3,2,3,3,3,1,1
8247,Nguyen Tien Dung,485878,',3,lbp-pae37@canon-vn.com.vn,0,0,1,0,NULL,7/4/2024 10:17,10/11/2023,3,3,2,3,3,3,1,1
8248,Nguyen Van Thai,479913,',3,lbp-pae2@canon-vn.com.vn,0,0,1,0,NULL,7/4/2024 8:00,10/13/2023,3,3,2,3,3,3,1,1
8249,Ngo Van Tan,485487,',3,tan.ngo@mail.canon,0,0,1,0,NULL,7/3/2024 8:18,10/19/2023,3,3,2,3,3,3,1,1
8250,Pham Van Binh,400811,',6,lbp-dmt3@canon-vn.com.vn,0,0,1,0,NULL,7/3/2024 15:38,10/19/2023,4,2,2,2,4,1,1,1
8251,Nguyen Thi Thu Thao,468666,',2,qmqa-qa29@canon-vn.com.vn,0,0,1,0,NULL,11/3/2023 10:50,10/20/2023,2,2,2,3,2,1,1,1
8252,Do Van Chuyen,838948,',3,tsmsd-die08@local.canon-vn.com.vn,0,1,0,0,NULL,1/1/2023 0:00,10/23/2023,1,1,1,2,1,1,1,1
8253,Nguyen Thi Lien,820021,',3,tsmsd-pa01@local.canon-vn.com.vn,0,1,0,0,NULL,1/1/2023 0:00,10/23/2023,1,1,1,2,1,1,1,1
8254,Giap Thi Linh,839954,',3,tsmsd-pa17@local.canon-vn.com.vn,0,1,0,0,NULL,1/1/2023 0:00,10/23/2023,1,1,1,2,1,1,1,1
8255,Tong Thi Linh ,485483,',3,lbp-pae13@canon-vn.com.vn,0,0,1,0,NULL,7/4/2024 11:01,10/24/2023,3,3,2,3,3,3,1,1
8256,Nguyen Thi Thao,460864,',3,lbpmo-adm11@cg.canon-vn.com.vn,0,0,1,0,NULL,6/21/2024 9:37,10/25/2023,3,2,2,3,3,1,1,1
8257,Nguyen Minh Duong,846864,',3,tspae-eng04@canon-vn.com.vn,0,0,1,0,NULL,7/4/2024 9:35,10/31/2023,3,3,2,3,3,3,1,1
8258,Nguyen Hoang Anh,485758,',3,qpe1-eng16@canon-vn.com.vn,0,0,1,0,NULL,7/3/2024 17:11,11/3/2023,3,3,2,3,2,3,1,1
8259,HOANG DINH TAN,485861,',3,qpe1-eng81@canon-vn.com.vn,0,0,1,0,NULL,2/28/2024 8:11,11/6/2023,3,2,2,3,2,3,1,1
8260,Nguyen Chi Thanh,847491,',3,tspe-mec65@canon-vn.com.vn,0,0,1,0,NULL,7/2/2024 17:36,11/9/2023,3,2,2,2,2,3,2,1
8261,NGUYEN THI PHUONG NHI,485841,',3,ps-sysq78@canon-vn.com.vn,0,0,1,0,NULL,1/1/2023 0:00,11/16/2023,2,2,3,2,3,1,1,1
8262,AN THI PHUONG THAO,485833,',3,thao.an@mail.canon,0,0,1,0,NULL,6/25/2024 10:52,11/16/2023,2,2,3,2,3,1,1,1
8263,Nguyen van Quy,443976,',3,quy.nguyen324@mail.canon,0,0,0,0,NULL,1/1/2023 0:00,12/2/2023,3,3,3,3,4,2,2,1
8264,Tazawa Youhei,36185,',4,tazawa.youhei@mail.canon,0,0,1,0,NULL,6/3/2024 6:54,12/14/2023,2,2,2,2,2,3,2,1
8265,Ankyu Tomohide,109626,',4,ankyu.tomohide@mail.canon,0,0,1,0,NULL,5/29/2024 6:32,12/14/2023,2,2,2,2,2,3,2,1
8266,Yoshimura Shimpei,115246,',4,yoshimura.shimpei@mail.canon,0,0,1,0,NULL,6/3/2024 14:49,12/14/2023,2,2,2,2,2,3,2,1
8267,Mochida Norihiro,101077,',4,mochida.norihiro@mail.canon,0,0,1,0,NULL,1/1/2023 0:00,12/14/2023,2,2,2,2,2,3,2,1
8268,Wada Haruki,102174,',4,wada.haruki@mail.canon,0,0,1,0,NULL,2/16/2024 15:11,12/14/2023,2,2,2,2,2,3,2,1
8269,Higuchi Yuya,105996,',4,higuchi.yuya@mail.canon,0,0,1,0,NULL,2/16/2024 15:49,12/14/2023,2,2,2,2,2,3,2,1
8270,Morita Kaoru,101104,',4,morita.kaoru@mail.canon,0,0,1,0,NULL,7/2/2024 14:06,12/14/2023,2,2,2,2,2,3,2,1
8271,Oikawa Jun,103938,',4,oikawa.jun@mail.canon,0,0,1,0,NULL,6/18/2024 13:45,12/14/2023,2,2,2,2,2,3,2,1
8272,Shimodate Masataka,105208,',4,shimodate.masataka@mail.canon,0,0,1,0,NULL,6/27/2024 16:53,12/14/2023,2,2,2,2,2,3,2,1
8273,Hoshino Daisuke,106810,',4,hoshino.daisuke650@mail.canon,0,0,1,0,NULL,4/12/2024 12:28,12/14/2023,2,2,2,2,2,3,2,1
8274,Namba Ryoji,109304,',4,namba.ryoji@mail.canon,0,0,0,0,NULL,1/1/2023 0:00,12/14/2023,2,2,2,2,2,3,2,1
8275,Nakajima Mikiya,111078,',4,nakajima.mikiya@mail.canon,0,0,1,0,NULL,3/21/2024 17:13,12/14/2023,2,2,2,2,2,3,2,1
8276,Iitsuka Yoshihiro,100084,',6,iitsuka.yoshihiro@mail.canon,0,0,1,0,NULL,5/30/2024 15:23,12/14/2023,2,2,2,2,2,3,2,1
8277,Sugie Taichi,105932,',4,sugie.taichi@mail.canon,0,0,1,0,NULL,5/10/2024 8:21,12/14/2023,2,2,2,2,2,3,2,1
8278,Tsuji Satoshi,104467,',4,tsuji.satoshi@mail.canon,0,0,1,0,NULL,5/20/2024 14:47,12/14/2023,2,2,2,2,2,3,2,1
8279,Vu Thi Thu Trang,484044,',3,ps-sysq72@canon-vn.com.vn,0,0,1,0,NULL,7/2/2024 15:44,12/14/2023,2,2,2,2,3,2,2,1
8280,Hoang Thi Dong,464069,',3,ps-meca88@canon-vn.com.vn,0,0,1,0,NULL,7/4/2024 8:11,12/19/2023,2,3,3,3,3,2,2,1
8281,Phuong Bich Ngoc,471716,',3,ps-elec90@canon-vn.com.vn,0,0,1,0,NULL,7/2/2024 9:24,12/19/2023,2,3,3,3,3,2,2,1
8282,Nguyen Xuan Thuc,425853,',3,lbp-dmt37@local.canon-vn.com.vn,0,0,1,0,NULL,6/12/2024 10:44,1/12/2024,3,2,2,2,3,2,2,1
8283,Ha Hoc Tu,846836,',3,tspe-mec60@canon-vn.com.vn,0,0,1,0,NULL,7/2/2024 17:33,1/18/2024,3,2,2,2,2,3,2,1
8284,TAKAGI TAKESHI,432355,',6,takagi.takeshi@mail.canon,0,0,1,0,NULL,1/1/2023 0:00,2/20/2024,2,2,2,2,2,3,2,1
8285,IKEDA SAYURI,431219,',4,ikeda.sayuri@mail.canon,0,0,1,0,NULL,1/1/2023 0:00,2/20/2024,2,2,2,2,2,3,2,1
8286,Nguyen Huy Toan,481240,',3,qpe1-eng14@canon-vn.com.vn,0,0,1,0,NULL,7/4/2024 9:33,3/1/2024,3,2,2,3,2,3,2,1
8287,MORI TAKASHI,101020,',4,mori.takashi790@mail.canon,0,0,1,0,NULL,1/1/2023 0:00,3/7/2024,2,2,2,2,2,3,2,1
8288,KASE SHOTA,104573,',4,kase.shota@mail.canon,0,0,1,0,NULL,1/1/2023 0:00,3/7/2024,2,2,2,2,2,3,2,1
8289,FUJINUMA YASUHITO,104523,',4,fujinuma.yasuhito@mail.canon,0,0,1,0,NULL,5/15/2024 11:18,3/7/2024,2,2,2,2,2,3,2,1
8290,Wada Haruki,90487,',7,wada.haruki@mail.canon,0,0,1,0,NULL,7/4/2024 7:42,3/11/2024,4,4,2,3,4,4,3,1
8291,CAM,CAM,',3,huyen.bui353@mail.canon,0,0,1,0,NULL,7/4/2024 9:53,3/22/2024,2,2,2,2,2,2,3,1
8292,Dispose meeting,DISMEET,',4,huyen.bui353@mail.canon,0,0,1,0,NULL,7/1/2024 10:29,3/22/2024,2,2,2,2,2,2,3,1
8293,PDCCheck,PDCCheck,',4,quy.nguyen324@mail.canon,0,0,1,0,NULL,5/6/2024 10:27,3/22/2024,2,2,2,2,2,2,3,1
8294,Vu Minh Quang,487771,',3,quang.vu@mail.canon,0,0,1,0,NULL,7/3/2024 13:24,3/26/2024,3,3,2,3,3,3,2,1
8295,Pham Hong Phuong,20334,',4,phuong.pham9.64@mail.canon,0,0,0,0,NULL,1/1/2023 0:00,3/28/2024,2,2,2,2,2,2,2,1
8296,Hoang Thi Nguyet,441006,',2,nguyet.h.oang@mail.canon,0,0,0,0,NULL,1/1/2023 0:00,3/28/2024,2,2,3,2,2,2,2,1
8297,Nguyen Thi Thuy Linh,484342,',3,ps-sysq7@canon-vn.com.vn,0,0,1,0,NULL,7/1/2024 9:11,3/28/2024,2,2,3,2,2,2,3,1
8298,Nguyen Hoang Minh,485838,',3,minh.nguyen794@mail.canon,0,0,1,0,NULL,7/3/2024 16:40,3/29/2024,2,3,2,2,2,2,2,1
8299,Kiyomitsu Koda,90472,',9,koda.kiyomitsu@mail.canon,0,0,1,0,NULL,7/3/2024 15:52,4/1/2024,4,4,2,2,2,4,2,1
8300,Ueno Masashi,102611,',4,ueno.masashi@mail.canon,0,0,1,0,NULL,5/9/2024 8:52,4/8/2024,2,2,2,2,2,3,2,1
8301,Ngo Thi Khanh,479661,',3,lbp-plan6@local.canon-vn.com.vn,0,0,1,0,NULL,7/2/2024 14:50,4/12/2024,2,2,2,2,2,2,3,1
8302,Pham Thi Huong,400310,',3,qdmt-adm05@local.canon-vn.com.vn,0,0,1,0,NULL,6/28/2024 12:14,4/12/2024,2,2,2,2,2,2,3,1
8303,Itagaki Daiki,106653,',4,itagaki.daiki@mail.canon,0,0,1,0,NULL,6/3/2024 15:50,5/9/2024,2,2,2,2,2,3,2,1
8304,Sudoh Takeshi,21425,',4,sudoh.takashi@mail.canon,0,0,1,0,NULL,6/11/2024 16:33,5/9/2024,2,2,2,2,2,3,2,1
8305,Miyamoto Kazuki,109620,',4,miyamoto.kazuki703@mail.canon,0,0,1,0,NULL,6/3/2024 6:35,5/9/2024,2,2,2,2,2,3,2,1
8306,Yukihiro Saito,106079,',7,saito.yukihiro569@mail.canon,0,0,1,0,NULL,7/3/2024 6:19,5/9/2024,2,2,2,2,2,3,2,1
8307,Tomioka Riki,110603,',4,tomioka.riki@mail.canon,0,0,1,0,NULL,7/1/2024 12:30,5/13/2024,2,2,2,2,2,3,2,1
8308,Mai Thi Huyen,487759,'045M53,2,huyen.mai@mail.canon,0,0,1,0,NULL,7/4/2024 9:39,5/23/2024,3,3,3,2,2,2,2,1
8309,Nakano Yusuke,38362,',4,nakano.yusuke@mail.canon,0,0,1,0,NULL,1/1/2023 0:00,5/29/2024,2,2,2,2,2,3,2,1
8310,Nozawa Shingo,109822,',4,nozawa.shingo993@mail.canon,0,0,1,0,NULL,1/1/2023 0:00,5/29/2024,2,2,2,2,2,3,2,1
8311,Igarashi Koichi,113055,',4,igarashi.koichi@mail.canon,0,0,1,0,NULL,5/30/2024 9:39,5/29/2024,2,2,2,2,2,3,2,1
8312,Nguyen Xuan Thuc,425843,',3,lbp-dmt37@local.canon-vn.com.vn,0,1,0,0,NULL,1/1/2023 0:00,5/31/2024,3,2,2,3,2,2,2,1
8313,Vu Huy Toan,4033888,',5,toan.vu@mail.canon,0,1,0,0,NULL,1/1/2023 0:00,6/11/2024,3,3,2,3,3,3,3,1
8314,Vu Huy Toan,403388,',5,toan.vu@mail.canon,0,0,1,0,NULL,6/11/2024 17:03,6/11/2024,3,3,2,2,2,2,3,1
8315,Nguyen Minh Hang,487956,'045M57,3,hang.nguyen221@mail.canon,0,0,1,0,NULL,6/19/2024 10:47,6/14/2024,3,3,3,3,3,3,2,1
8316,Bui Thanh Thuy,408587,',4,thuy.bui@mail.canon,0,0,1,0,NULL,7/2/2024 14:49,6/27/2024,2,2,2,2,2,2,3,1
8317,Ota Akira,90493,'0,9,ota.akira@mail.canon,0,0,1,0,NULL,7/2/2024 12:27,7/2/2024,2,4,4,2,2,2,2,1
