{
  "hash": "1a64efff",
  "configHash": "caea1b0e",
  "lockfileHash": "416fd333",
  "browserHash": "7cd0ad08",
  "optimized": {
    "@angular/common": {
      "src": "../../../../../node_modules/@angular/common/fesm2022/common.mjs",
      "file": "@angular_common.js",
      "fileHash": "85d144dd",
      "needsInterop": false
    },
    "@angular/common/http": {
      "src": "../../../../../node_modules/@angular/common/fesm2022/http.mjs",
      "file": "@angular_common_http.js",
      "fileHash": "7f263ffb",
      "needsInterop": false
    },
    "@angular/core": {
      "src": "../../../../../node_modules/@angular/core/fesm2022/core.mjs",
      "file": "@angular_core.js",
      "fileHash": "1a9f8a65",
      "needsInterop": false
    },
    "@angular/forms": {
      "src": "../../../../../node_modules/@angular/forms/fesm2022/forms.mjs",
      "file": "@angular_forms.js",
      "fileHash": "5ed69a77",
      "needsInterop": false
    },
    "@angular/platform-browser": {
      "src": "../../../../../node_modules/@angular/platform-browser/fesm2022/platform-browser.mjs",
      "file": "@angular_platform-browser.js",
      "fileHash": "66fe7265",
      "needsInterop": false
    },
    "@angular/router": {
      "src": "../../../../../node_modules/@angular/router/fesm2022/router.mjs",
      "file": "@angular_router.js",
      "fileHash": "37c90bde",
      "needsInterop": false
    },
    "rxjs": {
      "src": "../../../../../node_modules/rxjs/dist/esm5/index.js",
      "file": "rxjs.js",
      "fileHash": "fd3e8b39",
      "needsInterop": false
    },
    "rxjs/operators": {
      "src": "../../../../../node_modules/rxjs/dist/esm5/operators/index.js",
      "file": "rxjs_operators.js",
      "fileHash": "c9111a17",
      "needsInterop": false
    }
  },
  "chunks": {
    "chunk-RQL3I6XY": {
      "file": "chunk-RQL3I6XY.js"
    },
    "chunk-WPYXJH47": {
      "file": "chunk-WPYXJH47.js"
    },
    "chunk-2QPXUSSU": {
      "file": "chunk-2QPXUSSU.js"
    },
    "chunk-OGT4NQHD": {
      "file": "chunk-OGT4NQHD.js"
    },
    "chunk-56Y3C3CL": {
      "file": "chunk-56Y3C3CL.js"
    },
    "chunk-HMZ5JMOE": {
      "file": "chunk-HMZ5JMOE.js"
    },
    "chunk-E4U7SOWH": {
      "file": "chunk-E4U7SOWH.js"
    }
  }
}